"estimate","p_val","statistic","confidence_int_low","confidence_int_high","slope","intercept","rsquared"
-0.417729269484076,0.05952954903939,-2.00406855784797,-0.719643948848463,0.0170281691506672,-3.98471946034781e-07,0.513445971251664,0.131050255351263
