"estimate","p_val","statistic","confidence_int_low","confidence_int_high","slope","intercept","rsquared"
-0.694965614299116,2.13930673406023e-14,-9.11808160582169,-0.788112225041231,-0.570702297222891,-7.71400352281898e-07,0.592154935476284,0.477167960171161
